﻿school_group_name;session_start_time;player_first_name;player_grade
;;;
College hs B;06:00;Edrique Laubscher;10
College hs B;06:00;Evan JV Rensburg;9
College hs B;06:00;Innes Meyer;9
College hs B;06:00;Joaquim Nelson;12
College hs B;06:00;Jonathan v Deventer;8
College hs B;06:00;Kaleigh Reddy;10
College hs B;06:00;Xander Erlank;9
;;;
College Primary D;14:15;Alana Hugo;3
College Primary D;14:15;Alexander Coetzee;3
College Primary D;14:15;Amy Schulze;2
College Primary D;14:15;Anye Le Roux;2
College Primary D;14:15;Ben Ballot;3
College Primary D;14:15;Kade van Heerden;3
College Primary D;14:15;Mahil Sookdeo;3
College Primary D;14:15;Reid Hugo;3
College Primary D;14:15;Thomas Kohlmeyer;3
College Primary D;14:15;Thuhara Vather;3
College Primary D;14:15;Zara Padayachee;3
;;;
College Primary C;15:15;Dian Greyling;7
College Primary C;15:15;Jakus Tukker;6
College Primary C;15:15;Jayden Louw;7
College Primary C;15:15;Kiara Padayachee;6
College Primary C;15:15;Lashana Naidoo;5
College Primary C;15:15;Layla Khan;6
College Primary C;15:15;Marius van Wyk;6
College Primary C;15:15;Rowan Schulze;7
College Primary C;15:15;Shanaya Munesar;6
College Primary C;15:15;Stephan Raubenheimer;3
College Primary C;15:15;Tomas van Eyssen;3
;;;
College Primary B;16:15;Clarice de Koning;7
College Primary B;16:15;Gabriel Faber;6
College Primary B;16:15;Khuvora Motsepe;7
College Primary B;16:15;Luke Midlane;6
College Primary B;16:15;Markus Nieuwoudt;5
College Primary B;16:15;Mikaeel Khan;6
College Primary B;16:15;Pheello Rampai;6
College Primary B;16:15;Suriyan Pillay;7
College Primary B;16:15;William Ings;6
;;;
Rising Stars ;14:00;Alyssa Syce;6
Rising Stars ;14:00;Andrew Oosthuizen;3
Rising Stars ;14:00;Cayden Kock;5
Rising Stars ;14:00;Emile Meyer;4
Rising Stars ;14:00;Gert Oosthuizen;5
Rising Stars ;14:00;Ilse de Clercq;5
Rising Stars ;14:00;Josh Raffanti;6
Rising Stars ;14:00;Kaspian Selepeng ;7
Rising Stars ;14:00;Lois Robberts;6
Rising Stars ;14:00;Luan du Plessis;6
Rising Stars ;14:00;Oliver Carey;6
Rising Stars ;14:00;Rocco de Villiers;7
Rising Stars ;14:00;Ruben de Koning;5
Rising Stars ;14:00;Victor Meyer;6
Rising Stars ;14:00;Xander Smit;2
;;;
Centurion hs mix ;14:30;Abigail Raath;8
Centurion hs mix ;14:30;Aiden van der Berg;11
Centurion hs mix ;14:30;Amy Smith;9
Centurion hs mix ;14:30;Anthony Venske;10
Centurion hs mix ;14:30;Bernard Viljoen;10
Centurion hs mix ;14:30;Chané Roets;11
Centurion hs mix ;14:30;Elizane Barnard;12
Centurion hs mix ;14:30;Hanlo Van Heerden;10
Centurion hs mix ;14:30;Hano Rossouw;10
Centurion hs mix ;14:30;Heinrich Klue;10
Centurion hs mix ;14:30;Marlene van den Berg;8
Centurion hs mix ;14:30;Nathan Tennant;8
Centurion hs mix ;14:30;RJ Walkinshaw;8
Centurion hs mix ;14:30;Ruben Meades;8
Centurion hs mix ;14:30;Ruben Van Niekerk;8
Centurion hs mix ;14:30;Alida Heyns;9
Centurion hs mix ;14:30;Lutho Dyeshana;9
Centurion hs mix ;14:30;Ulrich Strydom;8
Centurion hs mix ;14:30;Tiaan Kleyn;8
