﻿school_group_name;session_start_time;player_first_name;player_grade
;;;
Super Stars ;15:00;Arnu van Reeuwyk;11
Super Stars ;15:00;Aiden vd Berg;11
Super Stars ;15:00;Hannah Grace Havinga;8
Super Stars ;15:00;Innes Meyer ;9
Super Stars ;15:00;Jonathan v Deventer ;8
Super Stars ;15:00;Justin Naude;9
Super Stars ;15:00;Kaleigh Reddy;10
Super Stars ;15:00;Meinhardt Strydom;11
Super Stars ;15:00;Rudolph Botha;10
Super Stars ;15:00;Sinjon Rowlands;11
Super Stars ;15:00;Tiaan Goosen;8
Super Stars ;15:00;Xander Erlank;9
;;;
Ridge A;06:00;Alyssa Syce;6
Ridge A;06:00;Christiaan Rautenbach;7
Ridge A;06:00;Ettienne Le Roux;7
Ridge A;06:00;Gert Oosthuizen;5
Ridge A;06:00;Ilse de Clercq;5
Ridge A;06:00;Jaco van Niekerk;5
Ridge A;06:00;Jayden Louw;6
Ridge A;06:00;Joshua Raffanti;6
Ridge A;06:00;Lodewyk de Clercq;7
Ridge A;06:00;Louis van Niekerk;7
Ridge A;06:00;Mia Bakkes;7
Ridge A;06:00;Rocco de Villiers;7
Ridge A;06:00;Ruben Lombard;6
Ridge A;06:00;Victor Meyer;6
;;;
College hs E;14:30;Damian Bekker;8
College hs E;14:30;Divin Booysen;8
College hs E;14:30;Elmiah van der Merwe;8
College hs E;14:30;Eluanco Grobler;9
College hs E;14:30;Francois Fourie;8
College hs E;14:30;Gabrielle Groenewald;9
College hs E;14:30;Liané Grobler;8
College hs E;14:30;Nickezel Grobler;10
College hs E;14:30;Rachel de Beer;10
College hs E;14:30;Wian Beneke;8
;;;
Zwartkop C;14:30;Christiaan de Jager;8
Zwartkop C;14:30;Carmen Hugo;8
Zwartkop C;14:30;Cobus Coetzer;8
Zwartkop C;14:30;Ethan White;8
Zwartkop C;14:30;Jannie Haak;9
Zwartkop C;14:30;Jurgen Vorster;8
Zwartkop C;14:30;Kaila vd Walt;8
Zwartkop C;14:30;Liam Botha;8
Zwartkop C;14:30;Michael Knox;8
Zwartkop C;14:30;Tiaan Kleyn;8
