﻿school_group_name;session_start_time;player_first_name;player_grade
;;;
Shining Stars ;14:15;Alexander Stark;7
Shining Stars ;14:15;Chanel Leppan;7
Shining Stars ;14:15;Christiaan Rautenbach;7
Shining Stars ;14:15;Etienne le Roux;6
Shining Stars ;14:15;Ilze Lubbe;7
Shining Stars ;14:15;Jaco van Niekerk;5
Shining Stars ;14:15;Jean Coetzee;7
Shining Stars ;14:15;Lize de Bruin;7
Shining Stars ;14:15;Lodewyk de Clercq;7
Shining Stars ;14:15;Louis v Niekerk;7
Shining Stars ;14:15;Mia Bakkes;7
;;;
Top Stars ;15:45;Amelia Lubbe;10
Top Stars ;15:45;Dewan Borstlap;9
Top Stars ;15:45;Euan Groenewald;11
Top Stars ;15:45;Hayden Davy;10
Top Stars ;15:45;Jason Naude;9
Top Stars ;15:45;Johannes Badenhorst;9
Top Stars ;15:45;Mangaliso Mbatha;9
Top Stars ;15:45;Martin de Koning;10
Top Stars ;15:45;Nathaniel v Deventer;10
Top Stars ;15:45;Reabetswe Banda;12
Top Stars ;15:45;Sarah de Villiers;10
Top Stars ;15:45;Teonie Badenhorst;11
Top Stars ;15:45;Thomas Oliver;9
;;;
College hs C;14:30;Abigail Dean;10
College hs C;14:30;Andre Coetzee;8
College hs C;14:30;Gabrielle Groenewald;9
College hs C;14:30;Henry du Preez;10
College hs C;14:30;Jesse Hurrie;9
College hs C;14:30;Kaelo Banda;9
College hs C;14:30;Lukas Combrinck;10
College hs C;14:30;Magnus Erlank;9
College hs C;14:30;Reuben le Roux;8
;;;
Irene mix A;14:00;Alex Carey;2
Irene mix A;14:00;Chloe Dinkelmann;4
Irene mix A;14:00;Ethan Smith;6
Irene mix A;14:00;Ilse de Clercq;5
Irene mix A;14:00;Johann Grobbelaar;5
Irene mix A;14:00;Michael Rust;5
Irene mix A;14:00;Oliver Carey;7
Irene mix A;14:00;Stefan Joubert;5
;;;
Zwartkop A;14:30;Chante Leppan;12
Zwartkop A;14:30;Ebert Goosen;10
Zwartkop A;14:30;Jason Naude;9
Zwartkop A;14:30;Johannes Badenhorst;9
Zwartkop A;14:30;Justin Naude;9
Zwartkop A;14:30;Logan Kidson;10
Zwartkop A;14:30;Teonie Badenhorst;11
Zwartkop A;14:30;Thomas Oliver;9
Zwartkop A;14:30;Tiaan Goosen;8
Zwartkop A;14:30;Wynand vd Heever;11
;;;
Zwartkop B ;13:30;Arnu van Reeuwyk;11
Zwartkop B ;13:30;Benjamin Oliver;9
Zwartkop B ;13:30;Danika Duarte;11
Zwartkop B ;13:30;Keanu Haasbroek;8
Zwartkop B ;13:30;Klara Kotze;10
Zwartkop B ;13:30;Lienke van Reeuwyk;8
Zwartkop B ;13:30;Meinhardt Strydom;11
Zwartkop B ;13:30;Rudolph Botha;10
Zwartkop B ;13:30;Ulrich Strydom;8
