﻿school_group_name;session_start_time;player_first_name;player_grade
;;;
Shooting Stars;15:00;Abigail Dean;10
Shooting Stars;15:00;Andre Coetzee;8
Shooting Stars;15:00;Edrique Laubscher;10
Shooting Stars;15:00;Gabrielle Groenewald;9
Shooting Stars;15:00;Hannah Grace Havinga;8
Shooting Stars;15:00;Jesse Hurrie;9
Shooting Stars;15:00;Keanu Haasbroek;8
Shooting Stars;15:00;Klara Kotze;10
Shooting Stars;15:00;Lene Lombard;9
Shooting Stars;15:00;Lienke van Reeuwyk;8
Shooting Stars;15:00;Magnus Erlank;9
Shooting Stars;15:00;Rachel de Beer;10
;;;
College Primary A;06:00;Alexander Stark;7
College Primary A;06:00;Daniël de  Bruin;6
College Primary A;06:00;George Olwagen;6
College Primary A;06:00;Jean Coetzee;7
College Primary A;06:00;Karli Lamprecht;6
College Primary A;06:00;Lize de Bruin;7
College Primary A;06:00;Lois Roberts;6
College Primary A;06:00;Luan du Plessis;6
College Primary A;06:00;Ruben de Koning;5
;;;
Ridge B;14:00;Andrew Oosthuizen;3
Ridge B;14:00;Cayden Kock;5
Ridge B;14:00;CG van Niekerk;7
Ridge B;14:00;Emile Meyer;4
Ridge B;14:00;Ethan O'Brien;6
Ridge B;14:00;Graham Axsel;7
Ridge B;14:00;Gustav Mentz;6
Ridge B;14:00;Hercules Froneman;6
Ridge B;14:00;Joshua Dry;4
Ridge B;14:00;Juanru Smit;4
Ridge B;14:00;Kyle van Lelyveld;6
Ridge B;14:00;Matthew Basson;5
Ridge B;14:00;Ruach van der Merwe;5
Ridge B;14:00;Xander Smit;2
;;;
Ridge C;15:00;Ayohlula Maqabuka;6
Ridge C;15:00;Adam Bernardo;6
Ridge C;15:00;Barry Marais;6
Ridge C;15:00;Conrad Pretorius;6
Ridge C;15:00;Joubert Nel;6
Ridge C;15:00;Klarabelle Keet;4
Ridge C;15:00;Luan Muller;6
Ridge C;15:00;Malan Meiburg;7
Ridge C;15:00;Martin Bakkes;2
Ridge C;15:00;Martyn de Beer ;6
Ridge C;15:00;Noah Senatla;6
Ridge C;15:00;Sebastian Pillay;5
;;;
Ridge D;16:00;Alec Boshoff;5
Ridge D;16:00;Cai Paterson;2
Ridge D;16:00;Chris Venter;3
Ridge D;16:00;Corne Louw;3
Ridge D;16:00;Ethan Vermaak;3
Ridge D;16:00;Joshua Kolesky;6
Ridge D;16:00;Kian Rozendaal;6
Ridge D;16:00;Lana Nell;3
Ridge D;16:00;Leo Melamed;3
Ridge D;16:00;Lisa Grobbelaar;1
Ridge D;16:00;Luca du Preez;3
Ridge D;16:00;Pieter van Rooy;3
Ridge D;16:00;Stefan Joubert;5
Ridge D;16:00;Tristan Paterson;3
;;;
Waterkloof  Seuns;14:30;Déwan Borstlap;9
Waterkloof  Seuns;14:30;Eckard van Staden;10
Waterkloof  Seuns;14:30;Johann Loretz;10
Waterkloof  Seuns;14:30;Kehan Hamman;9
Waterkloof  Seuns;14:30;Pierre Smith ;11
Waterkloof  Seuns;14:30;Reagan Slabberts;9
Waterkloof  Seuns;14:30;Sean McDonald;11
Waterkloof  Seuns;14:30;Shannon Render;10
;;;
Waterkloof Dogters;15:30;Anja van Rooyen;10
Waterkloof Dogters;15:30;Chloe Nell;10
Waterkloof Dogters;15:30;Emma Marais;9
Waterkloof Dogters;15:30;Giulliana Pretorius;8
Waterkloof Dogters;15:30;Leané van Niekerk;8
Waterkloof Dogters;15:30;Lize Marais;9
Waterkloof Dogters;15:30;Micheyla Loretz;11
Waterkloof Dogters;15:30;Milah Render;8
Waterkloof Dogters;15:30;Minke Kotze;10
Waterkloof Dogters;15:30;Shannon Render;10
;;;
Zwartkop A;14:30;Chante Leppan;12
Zwartkop A;14:30;Ebert Goosen;10
Zwartkop A;14:30;Jason Naude;9
Zwartkop A;14:30;Johannes Badenhorst;9
Zwartkop A;14:30;Justin Naude;9
Zwartkop A;14:30;Logan Kidson;10
Zwartkop A;14:30;Teonie Badenhorst;11
Zwartkop A;14:30;Thomas Oliver;9
Zwartkop A;14:30;Tiaan Goosen;8
Zwartkop A;14:30;Wynand vd Heever;11
